PART-NO.,CLASS,DESC,O.H.,BIN,MNS,COST,CUR.VAL
12201805,9649,KNOB,1,75,63,2.3,2.3
19208577,14875,BELT KIT,1,,54,115.51,115.51
22171683,0027,(S)MOUNT,1,,53,97,97
12555270,0386,(S)COVER,1,,48,40.67,40.67
15897196,8820,JACK,1,808,44,62.04,62.04
88961983,17090,RAIL,1,,40,35.4,35.4
88986811,1066,F-(S)BELT,5,BELT,40,25.08,125.4
95995094,3028,(S)CAP,1,,39,10.57,10.57
12634085,3682,(S)SENSOR,1,,39,28.02,28.02
19151668,16585,F-BOLT,12,,39,3.76,45.12
24506090,0724,(S)CHAIN,1,,38,47.8,47.8
22798070,10772,MOLDING,1,,38,238.8,238.8
22936377,14340,BOW,1,,38,113.18,113.18
21055605,14875,F-BELT,1,,38,155,155
15976104,16490,F-BEZEL,1,,38,4.46,4.46
96648505,7831,BRACKET,1,,37,3.87,3.87
10198814,0738,F-(S)BOLT,1,,36,4.73,4.73
25842735,3402,CLEANER,1,,36,97.26,97.26
9130754,7831,F-(S)RIVET,4,,36,0.57,2.28
24024822,16065,(S)VALVE,1,,36,6.23,6.23
89059124,3451,(S)PEDAL,1,742,36,178.81,178.81
25761497,7833,DEFLECTOR,1,793,36,99.67,99.67
94515243,11179,F-(S)NUT,9,,35,0.77,6.93
22752485,13090,F-HARNESS,1,,35,42.65,42.65
12474501,2682,LENS,1,26,35,50.67,50.67
1154609,2187,F-(S)KEY,78,KEY,35,1.68,131.04
22714186,1263,F-PANEL,2,,34,57.11,114.22
8623920,4159,F-(S)BEARING,1,,34,9.08,9.08
25895546,10777,F-SWITCH,1,,34,20.31,20.31
25904020,16320,MODULE,2,861,34,257.65,515.3
14093705,8024,F-BUMPER,14,1094,34,1.85,25.9
95961450,1272,BAFFLE,1,,33,27.42,27.42
24231257,4163,(S)PLATE,2,,33,10.88,21.76
15169327,9264,(S)DEFLECTOR,1,,33,13.78,13.78
19210335,1836,(S)FILTER KIT,8,,32,3.11,24.88
10163879,4050,(S)CABLE,1,,32,30.32,30.32
11611174,7633,CAP,5,,32,0.81,4.05
11514527,8917,F-(S)NUT,3,,32,2.56,7.68
12476449,16320,HINGE KIT,1,,32,118.8,118.8
88880016,16716,F-PROTECTOR KIT,1,,32,5.53,5.53
11589106,10774,(S)BOLT,4,1138,32,2.99,11.96
2852559,2187,(S)KEY,1,KEY,32,17,17
10190942,1516,(S)INDICATOR,1,,31,11.81,11.81
12596442,3265,(S)GROMMET,1,,31,2.75,2.75
10141924,1153,(S)ADAPTER,1,10,31,35.81,35.81
88891776,1154,F-(S)GASKET,4,10,31,4.62,18.48
15740950,7629,HOIST,1,63,31,192.09,192.09
89019107,1277,F-SHROUD KIT,1,,30,124.54,124.54
12338017,8948,(S)CLAMP,10,70,30,2.16,21.6
25875522,16350,(S)HANDLE,1,85,30,28.22,28.22
22549794,9647,NUT,15,1125,30,2.02,30.3
15294335,17505,PANEL,1,W116,30,598.6,598.6
20933868,11573,F-COVER,1,,29,2.25,2.25
94530695,15222,F-PLATE,9,,29,0.6,5.4
14085720,0666,FLYWHEEL,1,700,29,180.43,180.43
22780108,2480,F-HARNESS,1,710,29,302.73,302.73
96981604,3417,DEFLECTOR,1,741,29,21.47,21.47
12603060,3602,SHIELD,1,743,29,43.12,43.12
19257560,4265,(S)REMANUFACTURED VALVE,1,752,29,145.19,145.19
92148358,5545,F-(S)COUPLING KIT,1,762,29,207.63,207.63
15219511,7346,W-(S)ABSORBER,2,780,29,89.02,178.04
88965456,7345,W-(S)STRUT,2,784,29,85.46,170.92
25716146,7831,F-RETAINER,1,788,29,21.85,21.85
15837840,9647,ANTENNA,1,817,29,15.55,15.55
22858069,9765,GAUGE,1,818,29,165.13,165.13
88974671,10154,F-(S)CONTAINER,1,821,29,38.83,38.83
92245216,10252,APPLIQUE,1,826,29,58.32,58.32
12525531,12242,F-HANDLE KIT,1,834,29,44.62,44.62
15036007,16064,(S)MOTOR,1,838,29,163.13,163.13
15124831,16068,MIRROR,1,839,29,235.07,235.07
15101757,16183,F-(S)SEALING STRIP,1,855,29,73.79,73.79
12476708,16682,F-RECLINER,1,874,29,60.44,60.44
88976955,16682,DISCONTINUED 02/2014,1,874,29,20.65,20.65
25917964,16712,AIRBAG,1,874,29,450,450
11519065,8950,(S)CLIP,2,1116,29,2.31,4.62
96062665,2187,DISCONTINUED 09/2014,14,KEY,29,5,70
15876403,17507,MOLDING,1,MLDG,29,76.81,76.81
25892481,16227,PANEL,1,W106,29,118.8,118.8
10362755,7006,F-RAIL,1,W117,29,195,195
22736917,7831,MOLDING,1,W120,29,98.76,98.76
19152499,1266,GRILLE KIT,1,W300,29,307.93,307.93
12600462,0724,(S)GUIDE,1,,28,9,9
19301979,16260,(S)REGULATOR,1,,28,91.27,91.27
12580743,0213,(S)SEAL,1,3,28,5.31,5.31
12582699,0886,(S)PLATE,1,8,28,81.82,81.82
1995179,2485,F-(S)SWITCH,1,22,28,21.2,21.2
25140558,2897,F-(S)LEVER,1,29,28,119.73,119.73
88987977,3670,(S)CONNECTOR,1,37,28,12.45,12.45
12589550,3682,(S)SENSOR,1,38,28,56.64,56.64
25798422,4006,(S)KNOB,1,43,28,62.38,62.38
457052,6311,W-(S)BEARING,1,60,28,24.05,24.05
457049,6313,W-(S)BEARING,2,60,28,18.66,37.32
22732403,8015,F-BRACKET,1,66,28,11.41,11.41
9129576,8846,(S)HOSE,1,68,28,32.16,32.16
11518636,8900,F-(S)BOLT,3,69,28,2.39,7.17
20938319,10147,(S)CAP,1,78,28,3.83,3.83
10243967,0206,(S)COVER,1,698,28,30.63,30.63
12555563,1516,(S)INDICATOR,1,709,28,11.81,11.81
19167473,3107,W-(S)MODULE KIT,1,725,28,209.8,209.8
19255661,6233,(S)END KIT,1,774,28,37.69,37.69
15183347,7009,CAP,1,780,28,165.1,165.1
20856488,7345,B-(S)ABSORBER,2,781,28,49.74,99.48
10359322,9768,F-SWITCH,1,818,28,50,50
22711011,10150,(S)MODULE,1,820,28,68.88,68.88
16626761,10527,(S)HANDLE,1,827,28,99.41,99.41
21172099,10707,F-APPLIQUE,1,828,28,16.28,16.28
96585539,11089,MOLDING,1,829,28,8.36,8.36
19259193,14875,BELT KIT,1,837,28,101.58,101.58
19149481,16714,COVER,12,874,28,0.75,9
97354978,3358,(S)CLAMP,2,1042,28,1.08,2.16
12470554,4525,(S)RING,1,1062,28,4.67,4.67
12474069,4535,F-(S)WASHER,2,1062,28,2.38,4.76
11588803,4686,(S)NUT,1,1066,28,6.42,6.42
12472839,5813,CAP,1,1075,28,2.54,2.54
30015781,5813,NUT,1,1077,28,3.62,3.62
10352797,8309,RETAINER,3,1096,28,3.75,11.25
15726450,8977,(S)BOLT,2,1121,28,0.45,0.9
9378180,9278,F-KNOB,2,1124,28,3.76,7.52
22543363,10685,F-(S)GUIDE,9,1137,28,1.43,12.87
15751107,17507,MOLDING,1,MLDG,28,118.8,118.8
19149588,17507,MOLDING,1,MLDG,28,105.08,105.08
25649528,7840,ABSORBER,1,W104,28,75.8,75.8
21990439,7241,(S)SHAFT,1,W106,28,57.82,57.82
9593400,5803,F-WHEEL,1,W119,28,181.37,181.37
22715850,7831,F-BRACKET,1,W120,28,15.35,15.35
88937089,16150,DOOR,1,W123,28,357,357
25625166,3163,DISCONTINUED 11/2013,1,W125,28,58.03,58.03
22712360,7833,DEFLECTOR,1,,27,44.6,44.6
12581914,0207,DISCONTINUED 04/2015,1,2,27,3.58,3.58
12582247,0724,F-(S)GUIDE,1,6,27,4.46,4.46
12556263,1150,(S)SENSOR,1,10,27,35.43,35.43
3951600,1516,(S)TUBE,1,12,27,12.12,12.12
19170843,2239,W-(S)WIRE KIT,1,17,27,52.45,52.45
89017744,2240,(S)WIRE,1,18,27,9.22,9.22
12450036,2447,(S)SWITCH,1,22,27,5.32,5.32
21022272,2530,F-(S)CONNECTOR,1,23,27,25.86,25.86
25924112,2726,BRACKET,1,27,27,6.46,6.46
22712549,3887,(S)SWITCH,1,41,27,5.8,5.8
26042494,4053,(S)SOLENOID,1,44,27,42.65,42.65
24243887,4164,(S)SPRING,2,48,27,4.15,8.3
24222404,4279,F-(S)LEVER,1,50,27,4.89,4.89
12992651,8846,F-(S)ADAPTER,1,68,27,81.75,81.75
11562099,8948,(S)CLAMP,1,70,27,4.12,4.12
22681894,9213,(S)VALVE KIT,1,72,27,78.96,78.96
96951729,10512,F-HANDLE,1,80,27,3.57,3.57
20917599,10777,(S)SWITCH,1,81,27,23.67,23.67
90363750,10777,F-(S)SWITCH,1,81,27,23.87,23.87
20972788,8808,LABEL,2,89,27,7.62,15.24
9431809,8991,(S)BULB,12,245,27,1.33,15.96
12462264,1079,(S)GASKET KIT,1,252,27,41.53,41.53
10132893,5508,F-(S)GASKET,1,260,27,2.56,2.56
24576615,1097,(S)PIPE,1,702,27,20.46,20.46
22714185,1263,PANEL,1,704,27,58.36,58.36
22608916,1270,REINFORCEMENT,1,706,27,30.35,30.35
22625808,1271,BAR,1,706,27,16.89,16.89
15149564,1277,F-SHROUD,1,708,27,34.75,34.75
12657038,1516,(S)INDICATOR,1,709,27,11.81,11.81
88880035,2480,F-HARNESS KIT,1,711,27,108.43,108.43
25932032,2725,HEADLAMP,1,721,27,208.26,208.26
16514476,2726,F-PANEL,1,723,27,43.97,43.97
10445234,3003,F-PIPE,1,724,27,58.8,58.8
15052672,4133,(S)TUBE,1,751,27,52.38,52.38
25820031,5382,(S)ARM,1,761,27,150.84,150.84
19206600,5855,W-(S)BEARING,1,767,27,162.82,162.82
9595473,5858,CAP,1,768,27,27.23,27.23
88980094,8228,F-BRACKET,3,808,27,26.69,80.07
10316927,10185,F-MIRROR,1,821,27,100.17,100.17
22650705,10527,(S)HANDLE,2,827,27,58.8,117.6
15258225,12980,RAIL,1,836,27,29.4,29.4
15828973,16063,(S)ARM,1,838,27,54.71,54.71
15828974,16063,(S)ARM,1,838,27,63.38,63.38
12476249,16320,F-HINGE KIT,3,861,27,118.8,356.4
12477888,16320,HINGE KIT,2,861,27,123.43,246.86
15899812,16682,F-BRACKET,1,874,27,33.29,33.29
88935459,16685,F-HEATER,1,874,27,44.56,44.56
12581911,0207,F-(S)SEAL,1,1002,27,5.2,5.2
12581917,0207,F-(S)SEAL,1,1002,27,3.51,3.51
12606926,0724,F-(S)GUIDE,1,1009,27,4.46,4.46
12582448,1097,(S)SEAL,1,1012,27,7.32,7.32
92092444,2510,(S)RELAY,1,1030,27,15.4,15.4
12586350,3265,F-(S)BOLT,3,1038,27,2.51,7.53
12586351,3275,F-NUT,2,1038,27,2.16,4.32
3794377,3425,F-(S)BUSHING,7,1042,27,1.04,7.28
12479921,3880,(S)RETAINER,1,1051,27,3.77,3.77
11516788,8900,(S)BOLT,8,1105,27,0.55,4.4
11516862,8900,(S)BOLT,51,1106,27,2.95,150.45
15044378,9275,(S)GRILLE,1,1124,27,7.89,7.89
22570333,10240,RETAINER,6,1132,27,0.91,5.46
12498088,1303,DEFLECTOR PKG,1,W106,27,56,56
12376796,3001,TANK,1,W106,27,357,357
15186597,1266,GUARD,1,W116,27,606.95,606.95
89059714,5544,F-TUBE,1,W116,27,733.12,733.12
25798760,7832,MOLDING,1,W300,27,120.46,120.46
88981135,17507,F-MOLDING KIT,1,W317,27,293.76,293.76
25825008,1272,F-BAFFLE,1,,26,18.22,18.22
92145767,9196,F-(S)BRACKET,1,,26,34.33,34.33
95971948,12184,HINGE,1,,26,40.75,40.75
15168799,16570,PANEL,1,,26,154.89,154.89
15769290,1270,CUSHION,1,12,26,13.55,13.55
21060165,2188,(S)HOUSING,1,16,26,58.65,58.65
88964342,2188,(S)CASE,1,16,26,59.91,59.91
19121302,3107,(S)SENSOR KIT,2,30,26,88.26,176.52
1997258,3130,(S)VALVE,1,31,26,31.92,31.92
97378825,3163,(S)PIPE,1,32,26,59.94,59.94
19209821,3670,(S)REFURBISHED MODULE,1,37,26,250.15,250.15
12567254,3682,(S)SENSOR,1,38,26,45.78,45.78
15546656,3890,(S)HEATER,1,41,26,126,126
19179525,3900,B-(S)PUMP,1,42,26,193.28,193.28
24205119,4217,(S)GASKET,3,49,26,5.62,16.86
12338071,4630,(S)COVER,1,52,26,5.44,5.44
15212924,4720,(S)MODULE,1,54,26,321.29,321.29
14012694,5469,(S)SEAL,1,55,26,11.29,11.29
9596830,5858,F-CAP,1,57,26,14.39,14.39
96694040,7836,SUPPORT,1,65,26,7.99,7.99
24506756,9180,(S)PULLEY,1,71,26,31.44,31.44
15853943,9680,F-LENS,1,75,26,2.77,2.77
25788774,12188,F-(S)HOSE,1,83,26,12.36,12.36
25788776,12188,F-(S)NOZZLE,1,83,26,6.21,6.21
15213200,4128,(S)HOSE,1,620,26,19.74,19.74
96835284,1272,DEFLECTOR,1,708,26,4.67,4.67
25785463,1274,BRACKET,1,708,26,37.47,37.47
96813886,2725,F-HOUSING,1,722,26,8.53,8.53
16525518,2726,BRACKET,1,723,26,47.23,47.23
12636974,3342,F-SHIELD,2,737,26,27.05,54.1
22712134,3407,F-DUCT,1,739,26,59.14,59.14
19178786,5002,(S)SHIELD,2,760,26,14.7,29.4
25918338,5002,(S)SHIELD,1,760,26,9.34,9.34
9596526,5858,COVER,1,768,26,40.41,40.41
7470014,6307,W-(S)HUB KIT,1,774,26,115.24,115.24
20794269,7345,W-(S)STRUT KIT,1,781,26,85,85
20794270,7345,W-(S)STRUT KIT,1,781,26,85,85
25772196,8153,SHIELD,1,805,26,14.59,14.59
19116836,9647,DISCONTINUED 03/2014,1,817,26,26.44,26.44
10411068,10163,(S)DEFLECTOR,1,821,26,4.53,4.53
16621071,10783,DISCONTINUED 12/2014,1,830,26,139.22,139.22
95971947,12184,HINGE,1,834,26,40.75,40.75
20938276,12943,POCKET,1,835,26,20.72,20.72
97377575,1762,(S)HOSE,2,880,26,109.61,219.22
94012131,1153,(S)BOLT,14,1013,26,0.9,12.6
94011907,9171,(S)BOLT,8,1025,26,5.74,45.92
98002201,2559,(S)STUD,1,1030,26,1.81,1.81
16514113,2726,F-RETAINER,9,1033,26,0.56,5.04
94012118,1762,(S)BOLT,8,1037,26,2.1,16.8
97228820,3342,F-SHIELD,2,1041,26,3.65,7.3
15962787,3613,STUD,2,1044,26,6.91,13.82
24240315,4176,(S)BEARING,1,1057,26,4.89,4.89
10268875,4665,(S)WASHER,4,1065,26,2.95,11.8
15588354,5537,(S)RING,5,1070,26,1.14,5.7
11518079,8900,(S)BOLT,1,1107,26,5.1,5.1
14066450,8900,F-(S)BOLT,4,1108,26,2.95,11.8
11561143,8921,(S)RETAINER,2,1112,26,2.78,5.56
11562303,8929,F-(S)WASHER,8,1114,26,2.14,17.12
94855308,11927,F-(S)BULB,6,1139,26,1.7,10.2
11569643,12190,CLIP,2,1147,26,3.07,6.14
88937203,16157,(S)RETAINER,1,1162,26,2.56,2.56
15958269,16323,F-BUSHING,5,1166,26,0.56,2.8
19149720,17507,MOLDING,1,MLDG,26,74.36,74.36
92248304,8055,F-STRIPE KIT,1,W115,26,225.18,225.18
20836099,16550,F-PANEL,2,W115,26,160.32,320.64
25796969,7241,F-(S)SHAFT,1,W117,26,96.17,96.17
20903906,12942,F-REINFORCEMENT,1,W117,26,34.42,34.42
95072275,12944,LINER,1,W120,26,34.61,34.61
95213160,12181,LID,1,W123,26,237,237
10228655,0213,(S)SEAL,1,,25,12.47,12.47
7827028,2459,(S)ACTUATOR,1,,25,10.86,10.86
88962354,4535,(S)CLUTCH,1,,25,42.18,42.18
19151394,16715,F-BEZEL,1,,25,12.92,12.92
12552283,0659,(S)BALANCER,1,5,25,175.03,175.03
12613455,0736,(S)VALVE,4,7,25,104.36,417.44
15122830,1277,F-BRACKET,1,12,25,6.28,6.28
26049532,2188,(S)CYLINDER,1,16,25,26.59,26.59
19110934,2382,(S)ROTOR,1,20,25,3.14,3.14
13581091,2530,(S)CONNECTOR,1,23,25,24.57,24.57
15306027,2530,(S)CONNECTOR,1,23,25,22.48,22.48
19115670,2530,(S)CONNECTOR,1,23,25,41.38,41.38
15231500,2727,(S)SOCKET,2,28,25,8.56,17.12
12338137,3275,F-BOLT,10,33,25,1.13,11.3
12559821,3336,(S)GASKET,4,33,25,3.46,13.84
15946637,3611,GASKET,1,35,25,11.98,11.98
19257624,3890,F-(S)SEPARATOR,1,41,25,120.03,120.03
26047378,5822,(S)SEAL,2,57,25,5.83,11.66
15834275,7395,W-(S)INSULATOR,3,63,25,12.85,38.55
3831586,7545,W-(S)DAMPENER,6,63,25,3.1,18.6
10408967,7545,W-(S)INSULATOR,2,63,25,7.51,15.02
15773642,7831,SHIELD,1,64,25,2.95,2.95
15818935,7833,SUPPORT,1,65,25,20.24,20.24
10425297,8024,(S)BUMPER,4,66,25,5.32,21.28
15709267,8131,F-(S)NUT,4,66,25,0.57,2.28
15147485,8155,F-BRACKET,1,67,25,2.83,2.83
19256310,8965,F-(S)WIRE,1,70,25,18.39,18.39
15240242,9023,INSULATOR,2,71,25,12.05,24.1
15820140,9215,(S)RESISTOR,1,72,25,20.41,20.41
19161779,9786,F-(S)FILTER,1,76,25,23.76,23.76
88981034,10185,GLASS,1,79,25,199.46,199.46
22625037,10268,F-LATCH,1,79,25,11.19,11.19
20819891,10512,F-HANDLE,1,80,25,40.77,40.77
25604273,12118,F-CLIP,4,82,25,1.15,4.6
15107654,16350,F-(S)HANDLE,1,85,25,58.8,58.8
15954262,16460,(S)LATCH,1,85,25,29.4,29.4
15194077,16650,MAT,1,86,25,16.42,16.42
15217105,16650,PANEL,1,86,25,53.6,53.6
89043303,16720,F-HANDLE,1,87,25,38.71,38.71
89017252,0289,(S)GASKET KIT,1,251,25,143.74,143.74
15767598,4128,(S)HOSE,1,620,25,30.77,30.77
15767600,4128,(S)PIPE,1,621,25,47.95,47.95
12606576,1540,(S)COOLER,1,709,25,357,357
25885962,2333,(S)REINFORCEMENT,1,710,25,15.75,15.75
10288606,2726,F-BRACKET,1,722,25,7.01,7.01
19153667,3107,DISCONTINUED 02/2013,1,724,25,261.22,261.22
20965902,3410,COVER,1,740,25,47.12,47.12
15721261,4047,(S)CABLE,1,749,25,57.85,57.85
24225924,4265,F-(S)REMANUFACTURED VALVE,1,753,25,230.15,230.15
24221768,4317,(S)EXTENSION,1,753,25,96.7,96.7
19171644,5809,(S)DRUM,1,764,25,66,66
25832144,6307,W-(S)HUB,2,775,25,143.59,287.18
25782333,7629,COVER,1,784,25,118.8,118.8
95060302,7833,BRACKET,1,790,25,11.45,11.45
89019057,9210,(S)EVAPORATOR,1,814,25,187.32,187.32
10371428,9665,SPEAKER,1,817,25,34.98,34.98
15038566,9665,SPEAKER,2,817,25,47.76,95.52
95229337,10154,(S)CONTAINER,1,821,25,12.56,12.56
20893711,10185,MIRROR,1,822,25,95.15,95.15
96894822,12941,F-FILLER,1,835,25,7.63,7.63
25810555,16070,SUNSHADE,1,854,25,89.7,89.7
15757560,16450,F-HANDLE,1,864,25,51.1,51.1
15194078,16650,MAT,1,873,25,20.15,20.15
10066008,0413,(S)BOLT,2,1006,25,1.26,2.52
7804908,2195,(S)SPRING,1,1027,25,5.99,5.99
90343694,5813,F-(S)CAP SET,1,1077,25,3.12,3.12
11561535,8820,DISCONTINUED 12/2014,12,1102,25,2.85,34.2
11516161,8915,F-(S)NUT,10,1109,25,0.43,4.3
11570616,8948,CLAMP,1,1115,25,2.22,2.22
11515303,8977,(S)BOLT,6,1120,25,0.57,3.42
21042058,14683,F-RETAINER,2,1150,25,0.26,0.52
11570575,16227,CLIP,2,1164,25,2.95,5.9
15279464,16716,KNOB,1,1173,25,3.07,3.07
22914536,16165,F-TRIM,1,W110,25,321.17,321.17
15247818,2480,F-HARNESS,1,W115,25,1591.4,1591.4
15906979,4625,F-(S)PEDAL,3,W117,25,109.15,327.45
20935601,16081,F-PLATE,1,W121,25,86.02,86.02
20847178,7831,FASCIA,1,W307,25,297,297
21007457,1062,(S)PULLEY,1,,24,21.63,21.63
24409050,3265,F-(S)MANIFOLD,1,,24,220.71,220.71
15813321,3682,(S)GASKET,1,,24,6.35,6.35
11519877,6518,F-(S)BOLT,2,,24,4.8,9.6
11516576,8900,F-(S)BOLT,2,,24,1.19,2.38
15777128,10485,PUSHBUTTON,1,,24,34,34
22856912,16720,F-FRAME,1,,24,328.87,328.87
26028683,2195,(S)ACTUATOR,1,17,24,64.49,64.49
26021557,2459,F-(S)SWITCH,1,22,24,19.6,19.6
88966972,3107,(S)SENSOR KIT,1,31,24,74.69,74.69
15835312,4081,(S)MOUNT,1,44,24,39.6,39.6
24207491,4329,F-(S)SENSOR,1,51,24,66.44,66.44
22591939,4710,F-(S)SENSOR,1,53,24,70.67,70.67
19121731,4720,F-(S)MODULE,1,54,24,210.68,210.68
15972552,6330,CAP,1,60,24,26.31,26.31
12337820,8965,(S)STRAP,3,70,24,1,3
15018263,9023,(S)SHIM,4,71,24,3.12,12.48
19130064,9195,W-(S)ACCUMULATOR,1,72,24,34.53,34.53
25732792,9273,DISCONTINUED 08/2014,1,73,24,210.84,210.84
16250785,9275,(S)MODULE,1,74,24,82.5,82.5
22721425,10569,STRIKER,1,80,24,5.68,5.68
15183747,16068,(S)SWITCH,1,84,24,35.02,35.02
12473018,16682,HANDLE,2,86,24,8.76,17.52
15065771,16720,F-COVER,1,87,24,2.43,2.43
15031603,17507,F-PLATE,1,87,24,41.31,41.31
12345347,8800,DISCONTINUED 08/2011,8,88,24,8.99,71.92
15239447,3410,(S)ELEMENT,1,237,24,19.65,19.65
9428904,8991,(S)BULB,34,245,24,1.27,43.18
12450074,8991,(S)BULB,10,245,24,1.19,11.9
14079398,1429,(S)GASKET KIT,1,253,24,16.43,16.43
20945773,4128,(S)PIPE,1,620,24,31.85,31.85
19244485,0519,F-CAMSHAFT,1,699,24,248.35,248.35
20859108,1266,GRILLE,1,705,24,41.52,41.52
20927976,1268,MOLDING,1,706,24,61.54,61.54
15915519,1272,BAFFLE,1,707,24,35.73,35.73
22922131,1272,BAFFLE,1,707,24,41.11,41.11
22867535,1274,(S)SEAL,1,708,24,3.93,3.93
24234280,2480,(S)HARNESS,1,711,24,76.96,76.96
25925580,2530,(S)BLOCK,1,711,24,139.07,139.07
17113697,3265,(S)MANIFOLD,1,734,24,436.46,436.46
22939201,3417,DEFLECTOR,1,741,24,16.88,16.88
15916628,3675,(S)HOSE,1,744,24,43.08,43.08
10359973,6061,F-(S)BOOT KIT,1,771,24,36.71,36.71
19259475,6671,F-(S)HOSE,4,779,24,38.96,155.84
13221788,8155,REINFORCEMENT,1,807,24,8.97,8.97
13237570,8155,BRACE,1,807,24,10.05,10.05
22704428,8846,F-(S)HOSE,1,810,24,22.5,22.5
13581174,9647,CABLE KIT,1,817,24,64.28,64.28
19120334,10154,(S)CONTAINER,1,820,24,32.28,32.28
19181759,10242,DOOR,1,826,24,106.38,106.38
19251356,10783,(S)REGULATOR,1,831,24,68.3,68.3
15232734,12187,(S)STRUT,2,834,24,16.15,32.3
15035075,16345,HANDLE,1,862,24,89.63,89.63
25942275,16350,(S)HANDLE,1,864,24,66.97,66.97
10381804,16586,F-DEFLECTOR,1,873,24,49.35,49.35
19148943,16714,BELT KIT,1,874,24,57,57
15768195,17190,(S)SEAL,1,877,24,40.64,40.64
15912468,17202,(S)CABLE,1,878,24,22.75,22.75
15912469,17202,(S)CABLE,2,878,24,22.75,45.5
15074296,17507,MOLDING,1,880,24,218.46,218.46
19129787,1540,(S)SEAL,1,1021,24,12.94,12.94
12135072,2483,F-(S)BREAKER,1,1029,24,3.6,3.6
3529384,2575,F-(S)SPRING,9,1030,24,1.08,9.72
20957917,2660,F-SEALING STRIP,1,1032,24,6.48,6.48
21006320,3685,F-(S)NUT,27,1051,24,0.41,11.07
13277713,3704,GASKET,2,1051,24,2.09,4.18
22672095,4651,(S)CAP,1,1064,24,10.45,10.45
20687704,7831,DISCONTINUED 03/2012,11,1089,24,0.83,9.13
90589346,7840,RIVET,7,1091,24,1.39,9.73
15690729,8309,RETAINER,4,1097,24,0.78,3.12
19204643,9649,KNOB,1,1126,24,4.16,4.16
9379089,9652,PUSHBUTTON,1,1126,24,3.81,3.81
22588415,12804,F-RETAINER,8,1148,24,1.08,8.64
15036132,17507,PLATE,1,1177,24,29.4,29.4
26049133,2187,(S)KEY,24,KEY,24,5,120
94854293,2187,(S)KEY,16,KEY,24,5,80
15045334,17507,MOLDING,1,MLDG,24,39.56,39.56
25816039,7241,(S)SHAFT,1,W107,24,70.27,70.27
12528522,8130,FENDER,1,W114,24,115.73,115.73
22878705,12840,F-PANEL,1,W115,24,98.22,98.22
15888313,16600,F-PANEL,1,W117,24,52.94,52.94
88937491,16603,F-PANEL,1,W117,24,189.46,189.46
22818022,7831,BAR,1,W120,24,178.14,178.14
12497828,17185,GATE PKG,1,W121,24,234.5,234.5
22810904,7241,F-(S)SHAFT,1,W316,24,71.31,71.31
3834073,,HOSE,1,,23,30.3,30.3
15550342,,PIPE,1,,23,38.68,38.68
89001238,1067,DISCONTINUED 02/2014,9,,23,3.45,31.05
89001245,1067,DISCONTINUED 02/2014,9,,23,3.57,32.13
24223700,4163,(S)PLATE,4,,23,6.15,24.6
13579090,4625,(S)SENSOR,1,,23,6.63,6.63
13318777,9675,RECEPTACLE,1,,23,11.16,11.16
15803996,16346,COVER,1,,23,29.4,29.4
15751314,17070,COVER,1,,23,33.73,33.73
10121044,0137,(S)SEAL KIT,1,2,23,23.65,23.65
12458190,2188,(S)CYLINDER KIT,2,16,23,77.73,155.46
96813276,2195,F-(S)SWITCH,1,17,23,8.81,8.81
12575482,2383,(S)SENSOR,1,21,23,51.87,51.87
88988459,2575,(S)CONNECTOR,1,25,23,14.98,14.98
19208722,3107,F-(S)SENSOR KIT,1,30,23,16.09,16.09
3886933,3163,F-(S)SHIELD,1,32,23,29.83,29.83
12633264,3670,(S)MODULE,1,36,23,216.74,216.74
88999152,3670,(S)REMANUFACTURED MODULE,1,37,23,84.37,84.37
88988602,3682,F-(S)CONNECTOR,1,40,23,33.54,33.54
26097679,4053,(S)ACTUATOR,1,44,23,56.35,56.35
24238273,4163,(S)PLATE,3,47,23,7.32,21.96
12369458,4329,(S)SENSOR,1,51,23,30.85,30.85
14038010,5460,(S)SHIM KIT,1,54,23,6.95,6.95
9417781,5484,(S)BEARING,1,55,23,37.92,37.92
14012703,5531,(S)BOLT,11,55,23,2.81,30.91
88914244,6178,ADJUST KIT,1,59,23,17.59,17.59
10407148,7039,BOLT,1,61,23,1.82,1.82
13271583,7831,BRACKET,1,65,23,19.33,19.33
13271699,7831,BRACKET,1,65,23,19.33,19.33
12360513,8964,(S)SHIELD,2,70,23,16.92,33.84
15772605,8991,(S)BULB,10,70,23,1.27,12.7
15852756,9264,(S)GRILLE,1,73,23,19.76,19.76
15852757,9264,(S)GRILLE,1,73,23,21.31,21.31
96803550,9772,CLOCK,1,76,23,47.87,47.87
15929358,10450,HINGE,1,79,23,31.88,31.88
21170657,10455,LINK,1,79,23,22.62,22.62
12451497,11558,SWITCH,1,81,23,39.91,39.91
88899511,11655,HANDLE,1,81,23,41.23,41.23
20988810,8808,LABEL,1,89,23,12.72,12.72
15039908,1173,DISCONTINUED 04/2015,1,211,23,45.12,45.12
24210954,4005,(S)TRANSMISSION KI,1,224,23,217.27,217.27
6480,,VLECRO,1,245,23,3.75,3.75
20859107,1266,GRILLE,1,705,23,42.71,42.71
22834603,1271,F-SUPPORT,1,706,23,160.52,160.52
20781417,2342,(S)CABLE,1,710,23,24.4,24.4
13224134,2726,PANEL,1,722,23,51.59,51.59
22761486,3407,DUCT,1,739,23,101.75,101.75
92156863,3430,F-(S)CABLE,1,739,23,36.61,36.61
14038087,5510,(S)CASE,1,762,23,390.8,390.8
88959522,9215,(S)MOTOR,1,815,23,41.64,41.64
15933146,11358,F-PANEL,1,833,23,64.74,64.74
15905657,16341,F-ROD,1,862,23,2.79,2.79
19167227,16720,F-HANDLE,1,876,23,62.96,62.96
11518885,0002,(S)STUD,10,1001,23,2.47,24.7
96350161,0213,(S)SEAL,1,1002,23,2.43,2.43
96353007,0413,F-(S)WASHER,3,1006,23,1.98,5.94
12574477,0736,(S)RING,8,1009,23,2.61,20.88
25013759,1837,(S)VALVE,1,1024,23,3.03,3.03
10096197,2363,(S)CLAMP,4,1028,23,1.06,4.24
94500898,12945,F-BOLT,8,1040,23,0.69,5.52
96495163,3671,(S)GASKET,6,1046,23,1.08,6.48
21001249,4047,(S)RETAINER,1,1054,23,1.61,1.61
96540969,8010,SUPPORT,5,1091,23,2.49,12.45
22863104,8024,(S)BUMPER,4,1094,23,3.21,12.84
24501365,8900,(S)BOLT,6,1108,23,2.7,16.2
11589329,8950,(S)RETAINER,1,1116,23,3.14,3.14
22730927,10559,F-BEZEL,1,1135,23,3.15,3.15
10157547,10783,(S)RIVET,1,1138,23,1.35,1.35
94858342,15222,F-(S)RETAINER,4,1152,23,2.17,8.68
15742557,16547,(S)PLUG,1,1172,23,2.56,2.56
22799812,3705,EXTENSION KIT,2,FC,23,70,140
15719509,7010,CROSSMEMBER,1,MLDG,23,97.79,97.79
15068269,8010,(S)SEAL,1,MLDG,23,12.98,12.98
20876478,16642,MOLDING,1,MLDG,23,51.86,51.86
25888108,3003,PIPE,1,W120,23,91.3,91.3
15274858,11358,F-PANEL,1,W300,23,55.42,55.42
12634481,0289,(S)GASKET,1,,22,15.17,15.17
15614709,1270,F-(S)BOLT,1,,22,4.28,4.28
95970283,7833,DISCONTINUED 05/2014,1,,22,168.22,168.22
19184578,10146,(S)BLADE,1,,22,7.25,7.25
15281498,12179,COVER,1,,22,15.16,15.16
22685176,0027,F-(S)MOUNT,1,1,22,65.95,65.95
19172243,2239,B-(S)WIRE KIT,1,17,22,95.01,95.01
15358746,2342,F-(S)BRACKET,1,20,22,3.13,3.13
3440489,2485,F-(S)RELAY,1,22,22,21.18,21.18
15246491,2530,(S)CONTACT,2,23,22,17.04,34.08
25896695,2726,PLATE,1,27,22,12.85,12.85
24248575,4005,F-(S)SEAL KIT,1,43,22,61.32,61.32
22807807,4680,(S)HOSE,1,53,22,28.57,28.57
10064807,4681,(S)RETAINER,1,53,22,3.97,3.97
12337937,5543,F-(S)WASHER,3,56,22,1.8,5.4
9594436,5813,CAP,9,56,22,3.85,34.65
96452311,5858,CAP,4,57,22,18.69,74.76
10360040,6061,F-(S)BOOT KIT,1,58,22,37.41,37.41
25799820,7006,BRACKET,1,61,22,3.16,3.16
19158568,7068,ATTACHMENT KIT,1,62,22,7.2,7.2
22780599,8141,F-REINFORCEMENT,1,67,22,10.32,10.32
11516997,8900,(S)BOLT,2,69,22,4.19,8.38
9442947,8917,F-(S)NUT,8,69,22,0.45,3.6
19115360,9649,F-KNOB,1,75,22,8.91,8.91
22685579,10159,(S)TRANSMISSION,2,78,22,25.93,51.86
7762203,10565,(S)RETAINER,10,80,22,1.17,11.7
10404994,14875,F-COVER,1,83,22,3.78,3.78
15115931,16330,LOCK,1,85,22,119,119
15528767,16494,LAMP,1,86,22,58.8,58.8
12473016,16682,HANDLE,1,86,22,8.2,8.2
13583786,16712,MODULE,1,86,22,250,250
88894390,1836,(S)FILTER,3,208,22,8.35,25.05
88909667,5017,(S)PAD KIT,1,230,22,64,64
19210704,5529,(S)GEAR KIT,1,231,22,379.63,379.63
12637169,0289,(S)GASKET KIT,1,250,22,118.87,118.87
12558275,3270,(S)GASKET,3,256,22,12.3,36.9
89018139,3270,(S)GASKET KIT,3,258,22,98.27,294.81
3892041,7800,F-BRACKET,1,700,22,42.64,42.64
12578084,1066,F-(S)BELT,1,702,22,28.54,28.54
15032352,1270,REINFORCEMENT,1,706,22,19.39,19.39
25792418,1270,PANEL,1,706,22,47.18,47.18
25963286,2725,LAMP,1,721,22,89.86,89.86
368684,3417,F-DUCT,1,740,22,17.77,17.77
12611638,3601,F-(S)MANIFOLD,1,742,22,101.23,101.23
12611639,3601,F-(S)MANIFOLD,1,742,22,99.32,99.32
9598030,5858,F-CAP,2,769,22,104.47,208.94
12547207,8964,(S)PIPE,1,812,22,25.06,25.06
1999309,10163,(S)SWITCH,1,821,22,59.15,59.15
15824509,10185,MIRROR,1,822,22,78.98,78.98
15226945,16068,MIRROR,1,839,22,83.24,83.24
25788154,16068,HOUSING,1,853,22,22.2,22.2
21993939,16225,(S)WEATHERSTRIP,1,857,22,68.19,68.19
22861090,16345,HANDLE,1,863,22,38.13,38.13
15803995,16346,COVER,1,863,22,33.63,33.63
15939908,17202,(S)CABLE KIT,1,878,22,15.31,15.31
10226107,1252,(S)SEAL,3,1015,22,4.13,12.39
12613165,1540,(S)SEAL,2,1020,22,2.27,4.54
90500983,1762,(S)SEAL,2,1024,22,2.17,4.34
22593091,2335,(S)RETAINER,3,1028,22,4.46,13.38
97236838,3164,(S)BOLT,4,1038,22,0.96,3.84
12523293,4307,F-(S)SEAL,1,1058,22,5.2,5.2
12471480,5539,(S)LOCK,2,1070,22,12.04,24.08
19149748,6635,F-(S)CAP,1,1086,22,17.94,17.94
10397293,7800,ATTACHMENT,1,1088,22,4.34,4.34
10291232,8309,RETAINER,3,1096,22,2.56,7.68
11518238,8900,(S)BOLT,1,1104,22,2.8,2.8
11503749,8917,F-(S)NUT,9,1110,22,0.79,7.11
11504659,8977,F-(S)BOLT,8,1119,22,0.87,6.96
10342477,10219,BEZEL,1,1132,22,17.76,17.76
15044610,16070,PLUG,1,1160,22,8.53,8.53
10223910,1066,BELT,2,BELT,22,16.75,33.5
10243486,1066,F-(S)BELT,3,BELT,22,30.96,92.88
12390306,2187,DISCONTINUED 06/2013,9,KEY,22,2.12,19.08
26025019,2187,F-(S)KEY,9,KEY,22,2.24,20.16
26049794,2187,(S)KEY,38,KEY,22,5,190
96543022,7840,F-ABSORBER,1,W104,22,57,57
95040057,10774,(S)WEATHERSTRIP,1,W115,22,81.97,81.97
22781396,16724,F-COVER,1,W115,22,142,142
89018756,9211,F-(S)CASE,1,W119,22,63.65,63.65
15247235,16800,MAT PKG,1,W121,22,63,63
25910628,16800,MAT PKG,1,W121,22,41.3,41.3
15933007,12895,F-PANEL,1,W123,22,264.73,264.73
24226311,4265,F-(S)VALVE,1,,21,21.66,21.66
88965790,6508,F-(S)REMANUFACTURED GEAR,1,,21,299.95,299.95
22786842,8153,F-LINER,1,,21,38.3,38.3
19256540,8800,PAINT,1,,21,7.4,7.4
15676605,8913,F-(S)BOLT,9,,21,1.16,10.44
19192666,10146,(S)BLADE,1,,21,3.15,3.15
10321689,10707,MOLDING,1,,21,71.03,71.03
11609223,12913,F-BOLT,2,,21,2.81,5.62
12157422,2341,F-(S)CABLE,1,20,21,28.75,28.75
12102664,2535,(S)CONNECTOR,1,24,21,14.21,14.21
22729513,2559,(S)CLIP,1,24,21,5.41,5.41
5978221,2575,F-LAMP,1,25,21,21.41,21.41
5978222,2575,F-LAMP,1,25,21,21.47,21.47
12335631,2596,(S)SOCKET,1,26,21,4.73,4.73
12001470,2714,F-(S)SOCKET,1,27,21,13.61,13.61
22581725,3145,F-(S)RETAINER,9,32,21,1.53,13.77
25763176,3890,(S)FILTER,1,42,21,17.93,17.93
24248227,4265,(S)PLATE,1,50,21,9.28,9.28
88936353,5600,(S)BEARING KIT,1,56,21,83.55,83.55
9592415,5858,F-CAP,1,57,21,44.61,44.61
9593541,5858,DISCONTINUED 12/2014,1,57,21,21,21
15003817,7832,F-STRIPE,1,65,21,44.34,44.34
22870063,8141,BRACKET,1,67,21,6.7,6.7
19244931,9645,F-ANTENNA,1,75,21,57.75,57.75
15916357,9655,F-SPEAKER,2,75,21,30.94,61.88
20351245,10485,F-(S)CONTACT,1,79,21,35.56,35.56
22732493,12182,EMBLEM,1,82,21,14.77,14.77
15734687,16081,COVER,4,84,21,3.96,15.84
15027343,16335,F-STRIKER,1,85,21,6.38,6.38
22855627,16345,HANDLE,1,85,21,29.4,29.4
15104793,16350,F-(S)HANDLE,1,85,21,42.36,42.36
15114052,17507,PLATE,1,87,21,29.4,29.4
15139040,17507,DECAL,1,87,21,45.7,45.7
12345616,8800,OIL,2,88,21,2.51,5.02
10379213,8808,LABEL,1,89,21,22.29,22.29
25721148,10694,F-(S)WEATHERSTRIP,1,225,21,101.78,101.78
19287113,5017,(S)PAD KIT,1,229,21,43,43
90571362,3410,F-ELEMENT,4,240,21,17.5,70
19129814,1064,(S)BLADE KIT,1,702,21,29.8,29.8
15147727,2480,F-HARNESS,1,710,21,63.01,63.01
26093710,2895,F-(S)SWITCH,1,723,21,103.65,103.65
19206532,3107,W-(S)MODULE KIT,1,729,21,237.98,237.98
10337588,3163,(S)PIPE,1,733,21,39.35,39.35
15071609,3671,(S)COVER,1,744,21,5.81,5.81
25153052,3685,F-(S)CONVERTER,1,746,21,682.42,682.42
15791230,4133,(S)INDICATOR,1,752,21,31.23,31.23
22697850,7629,F-INSULATOR,1,784,21,30.7,30.7
10342941,7800,F-FRAME,1,785,21,15.39,15.39
15032014,7800,ATTACHMENT KIT,3,785,21,18.14,54.42
15135442,7800,POCKET,1,785,21,402.63,402.63
22624532,8153,SHIELD,1,805,21,17.81,17.81
22818262,10185,MIRROR,1,822,21,90.41,90.41
22723561,10500,F-MODULE,1,827,21,418.8,418.8
25721146,10694,F-(S)WEATHERSTRIP,1,827,21,105.5,105.5
15860281,1270,F-PANEL,1,835,21,68.62,68.62
19244541,14865,F-MODULE,1,836,21,320,320
25758978,16110,F-DOOR,1,854,21,96.26,96.26
12596994,0308,(S)SEAL,22,1004,21,4.13,90.86
96476965,1150,(S)SENSOR,1,1013,21,13.84,13.84
96181209,1550,F-(S)GASKET,9,1022,21,2.42,21.78
3989347,1745,(S)GROMMET,5,1023,21,1.19,5.95
24432680,2459,F-(S)RELAY,1,1030,21,32.99,32.99
15722032,2737,(S)BOLT,3,1034,21,6.29,18.87
93741366,4105,F-(S)SEAL,6,1054,21,2.95,17.7
29535578,4109,(S)SEAL,1,1054,21,2.02,2.02
24220807,4265,F-(S)VALVE,1,1058,21,23.21,23.21
89059435,4354,(S)SEAL,1,1060,21,18.57,18.57
15122619,5890,(S)NUT,1,1080,21,2.98,2.98
8682650,8900,(S)BOLT,1,1104,21,2.14,2.14
9440071,8900,F-(S)TAB,1,1104,21,1.58,1.58
22699534,10147,(S)CAP,9,1128,21,1.76,15.84
20096585,10685,DISCONTINUED 01/2015,2,1136,21,4.11,8.22
20699808,14875,(S)RETAINER,14,1152,21,0.57,7.98
15029828,16400,(S)BUMPER,2,1170,21,1.21,2.42
3528110,1066,(S)BELT,1,BELT,21,39.59,39.59
10230259,1066,(S)BELT,2,BELT,21,24.89,49.78
15753759,16183,(S)SEALING STRIP,1,MLDG,21,36.51,36.51
15804934,9743,BEZEL,1,W120,21,155.88,155.88
20921126,12112,MOLDING KIT,1,W120,21,149.04,149.04
88968933,1266,GRILLE,2,W300,21,227.18,454.36
25682405,7831,F-FASCIA,1,W307,21,246.99,246.99
25965595,8153,LINER,1,W310,21,42.73,42.73
25869660,1271,SUPPORT,1,W312,21,186.25,186.25
19238648,5880,M2454517,1,,20,213.07,213.07
15236174,7800,TAPE,2,,20,2.61,5.22
25647358,10708,(S)NUT,5,,20,0.73,3.65
20986234,17100,F-COVER,1,,20,2.74,2.74
90466480,0293,(S)BOLT,2,3,20,2.09,4.18
22702944,2596,(S)SOCKET,1,26,20,21.66,21.66
20807069,2700,LAMP,1,27,20,52.45,52.45
3825206,3112,DISCONTINUED 11/2011,8,31,20,1.26,10.08
30020637,3162,(S)CLAMP,9,32,20,1.81,16.29
21009325,3270,DISCONTINUED 02/2014,1,32,20,13.27,13.27
96437829,3417,(S)HOSE,1,34,20,9.86,9.86
8685879,4163,(S)PLATE,2,47,20,13.6,27.2
24245360,4163,(S)PLATE,7,48,20,3.21,22.47
24260700,4163,(S)PLATE,1,48,20,6.43,6.43
21019007,5043,F-(S)SPRING,1,54,20,19.03,19.03
9593802,5858,F-CAP,1,57,20,58.8,58.8
15062628,7068,F-HOOK,1,61,20,87.48,87.48
19210500,7347,W-(S)MOUNT KIT,2,62,20,54.69,109.38
15548810,7869,PLATE,1,65,20,5.11,5.11
19189024,8855,(S)MOTOR,1,69,20,91.43,91.43
89018378,9280,(S)ACTUATOR,1,75,20,56.29,56.29
15819311,9649,SWITCH,1,75,20,25.45,25.45
22722746,10515,BEZEL,1,80,20,20.67,20.67
19184644,11927,F-HOUSING,1,81,20,10.27,10.27
19184643,11927,F-LAMP,1,82,20,15.4,15.4
12506774,12248,F-CYLINDER KIT,1,83,20,27.4,27.4
89045120,16263,PLATE,1,84,20,14.22,14.22
15708048,16345,HANDLE,1,85,20,46.2,46.2
19151106,16714,F-BELT KIT,1,86,20,57,57
24242026,4005,(S)TRANSMISSION KI,2,224,20,201.43,402.86
19129813,1064,(S)BLADE KIT,1,702,20,29.8,29.8
22767895,1263,F-DEFLECTOR,1,704,20,53.68,53.68
15915520,1272,BAFFLE,1,707,20,36.83,36.83
19117440,2483,F-(S)COVER,1,711,20,29.51,29.51
92155600,2725,HEADLAMP,1,722,20,493.92,493.92
88965384,3107,F-(S)SENSOR KIT,1,730,20,117.54,117.54
19167580,3406,F-HOUSING,1,738,20,96.3,96.3
15724744,4510,(S)ADAPTER,1,753,20,44.85,44.85
95937508,4591,F-(S)LEVER,1,755,20,19.18,19.18
15733625,5809,(S)ROTOR,2,764,20,87,174
15801499,6055,SHAFT,1,771,20,157.5,157.5
20880923,7833,SUPPORT,1,793,20,32.74,32.74
15147046,10154,(S)CONTAINER KIT,1,820,20,21.12,21.12
22711037,10154,(S)CONTAINER,1,821,20,32.46,32.46
20788670,12942,F-REINFORCEMENT,1,835,20,28.83,28.83
15172550,16260,F-REGULATOR,1,858,20,97.03,97.03
88955897,16714,F-BELT KIT,2,875,20,95.68,191.36
12499332,16800,MAT PKG,1,880,20,70,70
17801322,16800,MAT PKG,1,880,20,56,56
15829686,17505,FLARE,1,880,20,96.79,96.79
11609410,0056,(S)BOLT,1,1001,20,2.55,2.55
90537241,0308,(S)SEAL,18,1004,20,2.5,45
94500842,0529,F-(S)BOLT,4,1007,20,0.59,2.36
94530438,1303,(S)CLIP,19,1019,20,0.99,18.81
94013031,1428,(S)STUD,16,1019,20,10.55,168.8
15966436,3003,(S)BOLT,4,1036,20,1.79,7.16
20893611,3107,(S)COVER,1,1036,20,2.71,2.71
11518861,8900,(S)BOLT,2,1107,20,2.55,5.1
332364,8950,(S)RETAINER,7,1115,20,0.6,4.2
11569663,8967,(S)RIVET,15,1118,20,0.45,6.75
15552852,8981,(S)STUD,4,1121,20,2.5,10
12335753,10154,(S)SWITCH KIT,1,1128,20,14.54,14.54
22641917,10527,(S)RIVET,18,1135,20,0.44,7.92
30008325,14683,F-CLIP,4,1150,20,0.56,2.24
20919987,16712,SENSOR,1,1173,20,100,100
15138387,16183,(S)SEALING STRIP,1,MLDG,20,33.44,33.44
22779981,15222,F-SUPPORT,1,W106,20,31.2,31.2
95917112,12940,F-PANEL,1,W116,20,397.74,397.74
22705583,8304,F-MOLDING,1,W120,20,124.74,124.74
15907256,16570,PANEL,1,W123,20,590,590
88860814,8800,PAINT,1,,19,15.45,15.45
22146735,0027,(S)MOUNT,1,1,19,113.96,113.96
12597172,1251,(S)HOUSING,1,11,19,66.87,66.87
25147308,1745,F-(S)VALVE,3,13,19,2.92,8.76
25314212,3107,F-(S)SENSOR KIT,1,31,19,97.24,97.24
20840183,4081,(S)MOUNT,1,44,19,44.97,44.97
15873303,7395,W-(S)BEARING,2,63,19,26.15,52.3
15018587,7831,COVER,1,64,19,8.82,8.82
15933989,7831,F-RETAINER,1,64,19,16.61,16.61
22692865,7869,BRACKET,1,65,19,13.05,13.05
20896225,8141,BRACKET,1,67,19,6.76,6.76
92215208,9280,(S)ACTUATOR,1,75,19,48.27,48.27
20874710,9675,RECEPTACLE,1,75,19,12.9,12.9
22725090,10268,DISCONTINUED 12/2014,1,79,19,12.77,12.77
20348200,10797,HANDLE,2,81,19,46.54,93.08
15139343,11927,HOUSING,1,81,19,22.25,22.25
10246507,12112,F-PLATE,1,82,19,67.35,67.35
96817106,14764,F-HANDLE,1,83,19,20.63,20.63
20826121,15390,F-HANDLE,1,83,19,21.42,21.42
15896628,16330,LATCH,1,85,19,72.8,72.8
15705527,16341,ROD,1,85,19,3.82,3.82
12378563,8800,DYE,50,88,19,3.72,186
89017690,0334,(S)GASKET,2,251,19,34.18,68.36
22848503,1272,BAFFLE,1,707,19,8.75,8.75
25970914,2725,HEADLAMP,1,721,19,163.76,163.76
23425126,3165,(S)VALVE KIT,1,734,19,82.65,82.65
22901367,3373,F-PUMP,1,737,19,201.83,201.83
25830024,3451,(S)PEDAL,1,742,19,61.38,61.38
21015184,3660,(S)PUMP,1,744,19,147.98,147.98
12596923,3675,F-(S)TUBE,1,744,19,34.37,34.37
92234745,4035,F-(S)ROD,1,749,19,16.39,16.39
21095944,7800,F-BRACKET,1,786,19,14,14
20962236,7831,REINFORCEMENT,1,788,19,29.4,29.4
20962294,7840,BRACKET,1,796,19,53.89,53.89
20968419,9786,(S)COVER,1,818,19,10.93,10.93
20778189,10051,F-MOLDING,1,819,19,36.78,36.78
15824088,10694,(S)WEATHERSTRIP,1,827,19,68.19,68.19
15927307,10777,F-PLATE,1,829,19,40.33,40.33
25860846,10777,F-BEZEL,1,829,19,11.06,11.06
25979705,11175,RETAINER,2,833,19,97.3,194.6
20980225,11573,COVER,1,833,19,32.4,32.4
22734180,12981,F-REINFORCEMENT,1,836,19,12.49,12.49
19149097,14880,F-COVER,1,837,19,66.78,66.78
89042700,16155,ARMREST,1,855,19,212.52,212.52
97212994,0308,(S)SEAL,36,1004,19,1.28,46.08
9427693,1531,(S)PLUG,1,1020,19,2.95,2.95
21006953,1762,F-HOSE,4,1024,19,1.32,5.28
10318847,2726,RETAINER,13,1032,19,5.97,77.61
11609270,2726,RETAINER,1,1033,19,3.78,3.78
15953840,3003,(S)BOLT,3,1036,19,1.96,5.88
17113525,3331,(S)SEAL KIT,1,1040,19,26.13,26.13
8662686,4123,(S)SEAL,1,1055,19,4.83,4.83
95077532,6056,F-(S)RING,9,1081,19,0.51,4.59
14049594,6163,(S)RETAINER,5,1082,19,1.21,6.05
11569637,7347,W-(S)NUT,1,1087,19,2.59,2.59
11561546,7629,RETAINER,7,1088,19,2.23,15.61
15567923,7629,PIN,6,1088,19,0.7,4.2
15176944,7831,PLUG,1,1089,19,5.67,5.67
11516071,8917,(S)NUT,8,1110,19,0.86,6.88
11561761,8981,(S)STUD,1,1121,19,2.52,2.52
95018085,9213,(S)SENSOR,1,1123,19,17.12,17.12
24405739,10056,RETAINER,3,1127,19,2.96,8.88
15916608,10527,(S)CAP,1,1135,19,10.65,10.65
12387540,11374,CLIP,4,1139,19,1.27,5.08
95952916,7006,RAIL,1,W117,19,57,57
22876237,8228,PAD,1,W120,19,28.2,28.2
19170826,15222,TRAY PKG,1,W120,19,70,70
15842642,3685,(S)CONVERTER,1,W124,19,477,477
15229341,3685,F-(S)CONVERTER,1,W125,19,597,597
15876945,12944,LINER,1,W310,19,38.78,38.78
20968547,1274,BRACE,1,W316B,19,112.84,112.84
21013105,0027,(S)STRUT,1,1,18,46.62,46.62
12560272,0056,(S)BOLT,4,2,18,3.14,12.56
97239516,0539,F-(S)BEARING,8,5,18,31.3,250.4
97239518,0539,F-(S)BEARING,2,5,18,29.82,59.64
1995976,2895,(S)SWITCH,1,29,18,35.79,35.79
94011700,3306,(S)GASKET,4,33,18,10.47,41.88
1997272,3670,F-(S)SOLENOID,1,36,18,22.94,22.94
89058397,3890,(S)FILTER,1,42,18,7.74,7.74
92189630,4104,F-(S)VALVE,8,44,18,10.24,81.92
11547210,8309,CLIP,6,67,18,2.3,13.8
12338153,8967,(S)RIVET,23,70,18,0.93,21.39
12205116,9649,KNOB,1,75,18,15.13,15.13
25906375,9786,(S)FILTER,2,76,18,25.04,50.08
15976060,16120,F-ASHTRAY,1,84,18,29.6,29.6
15161390,16181,LATCH ASM,1,85,18,4.87,4.87
15950842,16714,F-COVER,1,86,18,9.87,9.87
92225818,1272,F-BAFFLE,1,708,18,16.4,16.4
12650979,1426,(S)PAN,1,708,18,55.48,55.48
19211691,5002,(S)SHIELD,1,760,18,39.3,39.3
10301860,7800,F-FRAME,1,785,18,21.22,21.22
22990243,7833,DEFLECTOR,1,793,18,13.86,13.86
19256391,10154,(S)CONTAINER KIT,1,820,18,37.91,37.91
22914039,14865,COIL,8,837,18,89.7,717.6
22785448,16155,ARMREST,1,855,18,80.59,80.59
25923437,16480,(S)MOTOR,1,864,18,155.79,155.79
21006787,0553,F-(S)BOLT,1,1007,18,2.74,2.74
25533913,1550,(S)GASKET,3,1022,18,1.11,3.33
94040323,3162,(S)GASKET,7,1037,18,2.52,17.64
22642474,4081,F-(S)BOLT,8,1054,18,0.9,7.2
89040281,4128,(S)CONNECTOR,2,1056,18,25.32,50.64
11609738,8921,(S)RETAINER,9,1113,18,2.51,22.59
10180421,8977,F-(S)BOLT,2,1119,18,0.9,1.8
9436789,8991,(S)BULB,9,1121,18,1.38,12.42
20671751,10708,F-CLIP,2,1138,18,1.07,2.14
26018738,2187,(S)KEY,18,KEY,18,5,90
10308667,12190,F-PANEL,1,W115,18,84.52,84.52
25991854,17507,MOLDING,3,W121,18,64.05,192.15
89025791,7831,FASCIA,1,W307,18,263.91,263.91
25842417,8153,LINER,1,W309,18,40.68,40.68
88909757,8965,F-FUSE KIT,37,245,9,1.37,50.69
94535595,8991,(S)BULB,7,245,9,0.86,6.02
12338094,8909,F-BOLT,4,1108,8,2.38,9.52
12338142,8909,F-BOLT/SCRE,2,1108,8,2.18,4.36
9594462,5858,CAP,1,768,7,50.81,50.81
15134819,16650,HOLDER,1,873,7,67.84,67.84
12583827,3670,(S)REMANUFACTURED MODULE,1,36,6,330.25,330.25
11610158,0623,(S)BOLT,1,1008,6,2.95,2.95
15762170,16720,RETAINER,5,1173,6,2.94,14.7
12612427,0297,(S)VALVE,3,3,5,18.41,55.23
9594433,5813,CAP,10,56,5,3.78,37.8
22947665,6168,(S)ARM,6,772,5,51.72,310.32
15072624,17505,BRACE,1,879,5,31.66,31.66
19192665,10146,(S)BLADE,1,,4,3.15,3.15
22862011,12243,(S)SWITCH,1,,4,9.44,9.44
14012699,5542,F-(S)WASHER,1,56,4,6.78,6.78
10203412,9011,RETAINER,1,71,4,8.67,8.67
12378401,8800,DISCONTINUED 05/2012,1,88,4,4.56,4.56
15096144,3613,STUD,2,1043,4,6.29,12.58
12377914,14640,ADHESIVE,1,88,3,27.6,27.6
19153560,6508,(S)REMANUFACTURED GEAR KIT,1,775,3,420,420
3535261,10147,(S)NUT,2,1128,3,1.16,2.32
15239274,3890,(S)FILTER,6,41,2,18.68,112.08
22729814,10527,(S)LEVER,2,80,2,8.04,16.08
88861431,8800,CLEANER,4,88,2,4.92,19.68
15066553,6671,(S)PIPE,2,779,2,32.13,64.26
8667035,4123,(S)RING,6,1055,2,2.04,12.24
11516327,8900,(S)BOLT,11,1106,2,1.86,20.46
1240382,4338,F-(S)SEAL,7,51,1,2.05,14.35
96620070,9225,(S)HOSE,1,815,1,33.98,33.98
11515755,8900,(S)BOLT,17,1105,1,3.14,53.38
96434192,9222,(S)SEAL,3,1124,1,0.65,1.95
1358899,4318,(S)SEAL,4,50,,1.65,6.6
15837427,7243,W-(S)INSULATOR,2,62,,12.13,24.26
19130069,8846,(S)HOSE,1,68,,25.52,25.52
11516109,8900,(S)BOLT,8,69,,0.95,7.6
19245463,11625,COVER,3,81,,2.96,8.88
15776148,3410,(S)ELEMENT,1,237,,66.86,66.86
12004008,8965,(S)FUSE,2,245,,0.82,1.64
12641260,0386,(S)COVER,1,699,,81.45,81.45
24240100,4163,(S)PLATE KIT,1,752,,29.88,29.88
15835854,4805,(S)BOOSTER,1,758,,214.56,214.56
24508009,0308,(S)SEAL,1,1004,,5.24,5.24
11609317,8924,(S)NUT,10,1113,,0.57,5.7
274414,8934,(S)RING,1,1114,,0.9,0.9
11503505,8977,F-(S)BOLT,8,1119,,0.43,3.44
11609457,8977,(S)BOLT,8,1121,,0.6,4.8
15205959,16165,F-RETAINER,1,1162,,2.3,2.3
